id,domain,concept,method,backend,response,latency_sec,input_tokens,output_tokens,total_tokens,checkpoint_1,checkpoint_2,checkpoint_3
ml_01,ML,过拟合,A_zero_shot,mock,过拟合可以理解为：模型在训练集表现好但测试集变差。同时，模型学习了噪声而非可泛化规律。在实践中，常见缓解方法包括正则化或增加数据。 可以把它想成一个需要在规则和结果之间保持平衡的小系统。,0.0,62,51,113,模型在训练集表现好但测试集变差,模型学习了噪声而非可泛化规律,常见缓解方法包括正则化或增加数据
ml_01,ML,过拟合,B_standard_cot,mock,"定义：过拟合涉及模型在训练集表现好但测试集变差。
关键点：模型学习了噪声而非可泛化规律，并且常见缓解方法包括正则化或增加数据。
例子：像学习骑车，先掌握平衡，再通过练习减少错误。",0.0,82,49,131,模型在训练集表现好但测试集变差,模型学习了噪声而非可泛化规律,常见缓解方法包括正则化或增加数据
ml_01,ML,过拟合,C_feynman_cot,mock,"{""expert_draft"": ""过拟合的核心是：模型在训练集表现好但测试集变差；其次，模型学习了噪声而非可泛化规律；并且常见缓解方法包括正则化或增加数据。"", ""knowledge_gaps_or_risks"": [""容易只记结论而忽略适用条件"", ""可能把类比当成严格等价关系"", ""忽略边界情况导致误解""], ""analogy_explanation"": ""可类比为管理一支团队：目标、约束和反馈共同决定最终表现。"", ""consistency_check"": {""passed_points"": [""保留了核心定义"", ""保留了关键机制""], ""risk_points"": [""类比可能弱化数学或法律上的严格条件""]}, ""final_answer_for_beginner"": ""过拟合可以理解为：模型在训练集表现好但测试集变差。同时，模型学习了噪声而非可泛化规律。在实践中，常见缓解方法包括正则化或增加数据。 你可以先记住“核心机制+限制条件+典型场景”这三件事。""}",0.0003,348,245,593,模型在训练集表现好但测试集变差,模型学习了噪声而非可泛化规律,常见缓解方法包括正则化或增加数据
ml_02,ML,欠拟合,A_zero_shot,mock,欠拟合可以理解为：模型在训练集和测试集都表现较差。同时，模型容量不足或特征表达不够。在实践中，可通过提升模型复杂度或改进特征缓解。 可以把它想成一个需要在规则和结果之间保持平衡的小系统。,0.0,62,51,113,模型在训练集和测试集都表现较差,模型容量不足或特征表达不够,可通过提升模型复杂度或改进特征缓解
ml_02,ML,欠拟合,B_standard_cot,mock,"定义：欠拟合涉及模型在训练集和测试集都表现较差。
关键点：模型容量不足或特征表达不够，并且可通过提升模型复杂度或改进特征缓解。
例子：像学习骑车，先掌握平衡，再通过练习减少错误。",0.0,82,49,131,模型在训练集和测试集都表现较差,模型容量不足或特征表达不够,可通过提升模型复杂度或改进特征缓解
ml_02,ML,欠拟合,C_feynman_cot,mock,"{""expert_draft"": ""欠拟合的核心是：模型在训练集和测试集都表现较差；其次，模型容量不足或特征表达不够；并且可通过提升模型复杂度或改进特征缓解。"", ""knowledge_gaps_or_risks"": [""容易只记结论而忽略适用条件"", ""可能把类比当成严格等价关系"", ""忽略边界情况导致误解""], ""analogy_explanation"": ""可类比为管理一支团队：目标、约束和反馈共同决定最终表现。"", ""consistency_check"": {""passed_points"": [""保留了核心定义"", ""保留了关键机制""], ""risk_points"": [""类比可能弱化数学或法律上的严格条件""]}, ""final_answer_for_beginner"": ""欠拟合可以理解为：模型在训练集和测试集都表现较差。同时，模型容量不足或特征表达不够。在实践中，可通过提升模型复杂度或改进特征缓解。 你可以先记住“核心机制+限制条件+典型场景”这三件事。""}",0.0,348,245,593,模型在训练集和测试集都表现较差,模型容量不足或特征表达不够,可通过提升模型复杂度或改进特征缓解
ml_03,ML,偏差-方差权衡,A_zero_shot,mock,偏差-方差权衡可以理解为：高偏差常导致欠拟合。同时，高方差常导致过拟合。在实践中，需要在模型复杂度与泛化能力间平衡。 可以把它想成一个需要在规则和结果之间保持平衡的小系统。,0.0,65,47,112,高偏差常导致欠拟合,高方差常导致过拟合,需要在模型复杂度与泛化能力间平衡
ml_03,ML,偏差-方差权衡,B_standard_cot,mock,"定义：偏差-方差权衡涉及高偏差常导致欠拟合。
关键点：高方差常导致过拟合，并且需要在模型复杂度与泛化能力间平衡。
例子：像学习骑车，先掌握平衡，再通过练习减少错误。",0.0,85,45,130,高偏差常导致欠拟合,高方差常导致过拟合,需要在模型复杂度与泛化能力间平衡
ml_03,ML,偏差-方差权衡,C_feynman_cot,mock,"{""expert_draft"": ""偏差-方差权衡的核心是：高偏差常导致欠拟合；其次，高方差常导致过拟合；并且需要在模型复杂度与泛化能力间平衡。"", ""knowledge_gaps_or_risks"": [""容易只记结论而忽略适用条件"", ""可能把类比当成严格等价关系"", ""忽略边界情况导致误解""], ""analogy_explanation"": ""可类比为管理一支团队：目标、约束和反馈共同决定最终表现。"", ""consistency_check"": {""passed_points"": [""保留了核心定义"", ""保留了关键机制""], ""risk_points"": [""类比可能弱化数学或法律上的严格条件""]}, ""final_answer_for_beginner"": ""偏差-方差权衡可以理解为：高偏差常导致欠拟合。同时，高方差常导致过拟合。在实践中，需要在模型复杂度与泛化能力间平衡。 你可以先记住“核心机制+限制条件+典型场景”这三件事。""}",0.0,351,237,588,高偏差常导致欠拟合,高方差常导致过拟合,需要在模型复杂度与泛化能力间平衡
ml_04,ML,交叉验证,A_zero_shot,mock,交叉验证可以理解为：将数据分成多折轮流验证。同时，用于更稳健估计模型泛化性能。在实践中，可用于模型选择与调参。 可以把它想成一个需要在规则和结果之间保持平衡的小系统。,0.0,63,46,109,将数据分成多折轮流验证,用于更稳健估计模型泛化性能,可用于模型选择与调参
ml_04,ML,交叉验证,B_standard_cot,mock,"定义：交叉验证涉及将数据分成多折轮流验证。
关键点：用于更稳健估计模型泛化性能，并且可用于模型选择与调参。
例子：像学习骑车，先掌握平衡，再通过练习减少错误。",0.0,83,43,126,将数据分成多折轮流验证,用于更稳健估计模型泛化性能,可用于模型选择与调参
ml_04,ML,交叉验证,C_feynman_cot,mock,"{""expert_draft"": ""交叉验证的核心是：将数据分成多折轮流验证；其次，用于更稳健估计模型泛化性能；并且可用于模型选择与调参。"", ""knowledge_gaps_or_risks"": [""容易只记结论而忽略适用条件"", ""可能把类比当成严格等价关系"", ""忽略边界情况导致误解""], ""analogy_explanation"": ""可类比为管理一支团队：目标、约束和反馈共同决定最终表现。"", ""consistency_check"": {""passed_points"": [""保留了核心定义"", ""保留了关键机制""], ""risk_points"": [""类比可能弱化数学或法律上的严格条件""]}, ""final_answer_for_beginner"": ""交叉验证可以理解为：将数据分成多折轮流验证。同时，用于更稳健估计模型泛化性能。在实践中，可用于模型选择与调参。 你可以先记住“核心机制+限制条件+典型场景”这三件事。""}",0.0,349,233,582,将数据分成多折轮流验证,用于更稳健估计模型泛化性能,可用于模型选择与调参
ml_05,ML,梯度下降,A_zero_shot,mock,梯度下降可以理解为：通过梯度方向迭代更新参数。同时，目标是最小化损失函数。在实践中，学习率过大或过小都会影响收敛。 可以把它想成一个需要在规则和结果之间保持平衡的小系统。,0.0,63,47,110,通过梯度方向迭代更新参数,目标是最小化损失函数,学习率过大或过小都会影响收敛
ml_05,ML,梯度下降,B_standard_cot,mock,"定义：梯度下降涉及通过梯度方向迭代更新参数。
关键点：目标是最小化损失函数，并且学习率过大或过小都会影响收敛。
例子：像学习骑车，先掌握平衡，再通过练习减少错误。",0.0,83,45,128,通过梯度方向迭代更新参数,目标是最小化损失函数,学习率过大或过小都会影响收敛
ml_05,ML,梯度下降,C_feynman_cot,mock,"{""expert_draft"": ""梯度下降的核心是：通过梯度方向迭代更新参数；其次，目标是最小化损失函数；并且学习率过大或过小都会影响收敛。"", ""knowledge_gaps_or_risks"": [""容易只记结论而忽略适用条件"", ""可能把类比当成严格等价关系"", ""忽略边界情况导致误解""], ""analogy_explanation"": ""可类比为管理一支团队：目标、约束和反馈共同决定最终表现。"", ""consistency_check"": {""passed_points"": [""保留了核心定义"", ""保留了关键机制""], ""risk_points"": [""类比可能弱化数学或法律上的严格条件""]}, ""final_answer_for_beginner"": ""梯度下降可以理解为：通过梯度方向迭代更新参数。同时，目标是最小化损失函数。在实践中，学习率过大或过小都会影响收敛。 你可以先记住“核心机制+限制条件+典型场景”这三件事。""}",0.0,349,236,585,通过梯度方向迭代更新参数,目标是最小化损失函数,学习率过大或过小都会影响收敛
ml_06,ML,正则化,A_zero_shot,mock,正则化可以理解为：在目标函数中加入复杂度惩罚。同时，可抑制过拟合。在实践中，L1可促稀疏，L2可抑制大权重。 可以把它想成一个需要在规则和结果之间保持平衡的小系统。,0.0,62,45,107,在目标函数中加入复杂度惩罚,可抑制过拟合,L1可促稀疏，L2可抑制大权重
ml_06,ML,正则化,B_standard_cot,mock,"定义：正则化涉及在目标函数中加入复杂度惩罚。
关键点：可抑制过拟合，并且L1可促稀疏，L2可抑制大权重。
例子：像学习骑车，先掌握平衡，再通过练习减少错误。",0.0,82,43,125,在目标函数中加入复杂度惩罚,可抑制过拟合,L1可促稀疏，L2可抑制大权重
ml_06,ML,正则化,C_feynman_cot,mock,"{""expert_draft"": ""正则化的核心是：在目标函数中加入复杂度惩罚；其次，可抑制过拟合；并且L1可促稀疏，L2可抑制大权重。"", ""knowledge_gaps_or_risks"": [""容易只记结论而忽略适用条件"", ""可能把类比当成严格等价关系"", ""忽略边界情况导致误解""], ""analogy_explanation"": ""可类比为管理一支团队：目标、约束和反馈共同决定最终表现。"", ""consistency_check"": {""passed_points"": [""保留了核心定义"", ""保留了关键机制""], ""risk_points"": [""类比可能弱化数学或法律上的严格条件""]}, ""final_answer_for_beginner"": ""正则化可以理解为：在目标函数中加入复杂度惩罚。同时，可抑制过拟合。在实践中，L1可促稀疏，L2可抑制大权重。 你可以先记住“核心机制+限制条件+典型场景”这三件事。""}",0.0,348,232,580,在目标函数中加入复杂度惩罚,可抑制过拟合,L1可促稀疏，L2可抑制大权重
ml_07,ML,注意力机制,A_zero_shot,mock,注意力机制可以理解为：根据相关性动态分配权重。同时，可建模长距离依赖。在实践中，是Transformer核心组件之一。 可以把它想成一个需要在规则和结果之间保持平衡的小系统。,0.0,63,48,111,根据相关性动态分配权重,可建模长距离依赖,是Transformer核心组件之一
ml_07,ML,注意力机制,B_standard_cot,mock,"定义：注意力机制涉及根据相关性动态分配权重。
关键点：可建模长距离依赖，并且是Transformer核心组件之一。
例子：像学习骑车，先掌握平衡，再通过练习减少错误。",0.0,83,46,129,根据相关性动态分配权重,可建模长距离依赖,是Transformer核心组件之一
ml_07,ML,注意力机制,C_feynman_cot,mock,"{""expert_draft"": ""注意力机制的核心是：根据相关性动态分配权重；其次，可建模长距离依赖；并且是Transformer核心组件之一。"", ""knowledge_gaps_or_risks"": [""容易只记结论而忽略适用条件"", ""可能把类比当成严格等价关系"", ""忽略边界情况导致误解""], ""analogy_explanation"": ""可类比为管理一支团队：目标、约束和反馈共同决定最终表现。"", ""consistency_check"": {""passed_points"": [""保留了核心定义"", ""保留了关键机制""], ""risk_points"": [""类比可能弱化数学或法律上的严格条件""]}, ""final_answer_for_beginner"": ""注意力机制可以理解为：根据相关性动态分配权重。同时，可建模长距离依赖。在实践中，是Transformer核心组件之一。 你可以先记住“核心机制+限制条件+典型场景”这三件事。""}",0.0,350,238,588,根据相关性动态分配权重,可建模长距离依赖,是Transformer核心组件之一
ml_08,ML,迁移学习,A_zero_shot,mock,迁移学习可以理解为：利用预训练模型迁移到新任务。同时，通常在小数据场景有效。在实践中，可减少训练成本并提升收敛速度。 可以把它想成一个需要在规则和结果之间保持平衡的小系统。,0.0,63,47,110,利用预训练模型迁移到新任务,通常在小数据场景有效,可减少训练成本并提升收敛速度
ml_08,ML,迁移学习,B_standard_cot,mock,"定义：迁移学习涉及利用预训练模型迁移到新任务。
关键点：通常在小数据场景有效，并且可减少训练成本并提升收敛速度。
例子：像学习骑车，先掌握平衡，再通过练习减少错误。",0.0,83,45,128,利用预训练模型迁移到新任务,通常在小数据场景有效,可减少训练成本并提升收敛速度
ml_08,ML,迁移学习,C_feynman_cot,mock,"{""expert_draft"": ""迁移学习的核心是：利用预训练模型迁移到新任务；其次，通常在小数据场景有效；并且可减少训练成本并提升收敛速度。"", ""knowledge_gaps_or_risks"": [""容易只记结论而忽略适用条件"", ""可能把类比当成严格等价关系"", ""忽略边界情况导致误解""], ""analogy_explanation"": ""可类比为管理一支团队：目标、约束和反馈共同决定最终表现。"", ""consistency_check"": {""passed_points"": [""保留了核心定义"", ""保留了关键机制""], ""risk_points"": [""类比可能弱化数学或法律上的严格条件""]}, ""final_answer_for_beginner"": ""迁移学习可以理解为：利用预训练模型迁移到新任务。同时，通常在小数据场景有效。在实践中，可减少训练成本并提升收敛速度。 你可以先记住“核心机制+限制条件+典型场景”这三件事。""}",0.0,349,237,586,利用预训练模型迁移到新任务,通常在小数据场景有效,可减少训练成本并提升收敛速度
phy_01,Physics,牛顿第二定律,A_zero_shot,mock,牛顿第二定律可以理解为：公式为F=ma。同时，力是质量与加速度的乘积。在实践中，在经典低速尺度下适用。 可以把它想成一个需要在规则和结果之间保持平衡的小系统。,0.0,64,43,107,公式为F=ma,力是质量与加速度的乘积,在经典低速尺度下适用
phy_01,Physics,牛顿第二定律,B_standard_cot,mock,"定义：牛顿第二定律涉及公式为F=ma。
关键点：力是质量与加速度的乘积，并且在经典低速尺度下适用。
例子：像学习骑车，先掌握平衡，再通过练习减少错误。",0.0,84,41,125,公式为F=ma,力是质量与加速度的乘积,在经典低速尺度下适用
phy_01,Physics,牛顿第二定律,C_feynman_cot,mock,"{""expert_draft"": ""牛顿第二定律的核心是：公式为F=ma；其次，力是质量与加速度的乘积；并且在经典低速尺度下适用。"", ""knowledge_gaps_or_risks"": [""容易只记结论而忽略适用条件"", ""可能把类比当成严格等价关系"", ""忽略边界情况导致误解""], ""analogy_explanation"": ""可类比为管理一支团队：目标、约束和反馈共同决定最终表现。"", ""consistency_check"": {""passed_points"": [""保留了核心定义"", ""保留了关键机制""], ""risk_points"": [""类比可能弱化数学或法律上的严格条件""]}, ""final_answer_for_beginner"": ""牛顿第二定律可以理解为：公式为F=ma。同时，力是质量与加速度的乘积。在实践中，在经典低速尺度下适用。 你可以先记住“核心机制+限制条件+典型场景”这三件事。""}",0.0,350,229,579,公式为F=ma,力是质量与加速度的乘积,在经典低速尺度下适用
phy_02,Physics,动量守恒,A_zero_shot,mock,动量守恒可以理解为：封闭系统总动量保持不变。同时，碰撞问题常使用该定律。在实践中，外力冲量会改变系统动量。 可以把它想成一个需要在规则和结果之间保持平衡的小系统。,0.0,63,45,108,封闭系统总动量保持不变,碰撞问题常使用该定律,外力冲量会改变系统动量
phy_02,Physics,动量守恒,B_standard_cot,mock,"定义：动量守恒涉及封闭系统总动量保持不变。
关键点：碰撞问题常使用该定律，并且外力冲量会改变系统动量。
例子：像学习骑车，先掌握平衡，再通过练习减少错误。",0.0,83,42,125,封闭系统总动量保持不变,碰撞问题常使用该定律,外力冲量会改变系统动量
phy_02,Physics,动量守恒,C_feynman_cot,mock,"{""expert_draft"": ""动量守恒的核心是：封闭系统总动量保持不变；其次，碰撞问题常使用该定律；并且外力冲量会改变系统动量。"", ""knowledge_gaps_or_risks"": [""容易只记结论而忽略适用条件"", ""可能把类比当成严格等价关系"", ""忽略边界情况导致误解""], ""analogy_explanation"": ""可类比为管理一支团队：目标、约束和反馈共同决定最终表现。"", ""consistency_check"": {""passed_points"": [""保留了核心定义"", ""保留了关键机制""], ""risk_points"": [""类比可能弱化数学或法律上的严格条件""]}, ""final_answer_for_beginner"": ""动量守恒可以理解为：封闭系统总动量保持不变。同时，碰撞问题常使用该定律。在实践中，外力冲量会改变系统动量。 你可以先记住“核心机制+限制条件+典型场景”这三件事。""}",0.0,349,231,580,封闭系统总动量保持不变,碰撞问题常使用该定律,外力冲量会改变系统动量
phy_03,Physics,能量守恒,A_zero_shot,mock,能量守恒可以理解为：总能量不会凭空产生或消失。同时，能量可在不同形式间转换。在实践中，封闭系统中总能量保持恒定。 可以把它想成一个需要在规则和结果之间保持平衡的小系统。,0.0,63,46,109,总能量不会凭空产生或消失,能量可在不同形式间转换,封闭系统中总能量保持恒定
phy_03,Physics,能量守恒,B_standard_cot,mock,"定义：能量守恒涉及总能量不会凭空产生或消失。
关键点：能量可在不同形式间转换，并且封闭系统中总能量保持恒定。
例子：像学习骑车，先掌握平衡，再通过练习减少错误。",0.0,83,44,127,总能量不会凭空产生或消失,能量可在不同形式间转换,封闭系统中总能量保持恒定
phy_03,Physics,能量守恒,C_feynman_cot,mock,"{""expert_draft"": ""能量守恒的核心是：总能量不会凭空产生或消失；其次，能量可在不同形式间转换；并且封闭系统中总能量保持恒定。"", ""knowledge_gaps_or_risks"": [""容易只记结论而忽略适用条件"", ""可能把类比当成严格等价关系"", ""忽略边界情况导致误解""], ""analogy_explanation"": ""可类比为管理一支团队：目标、约束和反馈共同决定最终表现。"", ""consistency_check"": {""passed_points"": [""保留了核心定义"", ""保留了关键机制""], ""risk_points"": [""类比可能弱化数学或法律上的严格条件""]}, ""final_answer_for_beginner"": ""能量守恒可以理解为：总能量不会凭空产生或消失。同时，能量可在不同形式间转换。在实践中，封闭系统中总能量保持恒定。 你可以先记住“核心机制+限制条件+典型场景”这三件事。""}",0.0,349,235,584,总能量不会凭空产生或消失,能量可在不同形式间转换,封闭系统中总能量保持恒定
phy_04,Physics,热力学第二定律,A_zero_shot,mock,热力学第二定律可以理解为：孤立系统熵不减少。同时，热量自发地由高温流向低温。在实践中，过程具有方向性。 可以把它想成一个需要在规则和结果之间保持平衡的小系统。,0.0,65,43,108,孤立系统熵不减少,热量自发地由高温流向低温,过程具有方向性
phy_04,Physics,热力学第二定律,B_standard_cot,mock,"定义：热力学第二定律涉及孤立系统熵不减少。
关键点：热量自发地由高温流向低温，并且过程具有方向性。
例子：像学习骑车，先掌握平衡，再通过练习减少错误。",0.0,85,41,126,孤立系统熵不减少,热量自发地由高温流向低温,过程具有方向性
phy_04,Physics,热力学第二定律,C_feynman_cot,mock,"{""expert_draft"": ""热力学第二定律的核心是：孤立系统熵不减少；其次，热量自发地由高温流向低温；并且过程具有方向性。"", ""knowledge_gaps_or_risks"": [""容易只记结论而忽略适用条件"", ""可能把类比当成严格等价关系"", ""忽略边界情况导致误解""], ""analogy_explanation"": ""可类比为管理一支团队：目标、约束和反馈共同决定最终表现。"", ""consistency_check"": {""passed_points"": [""保留了核心定义"", ""保留了关键机制""], ""risk_points"": [""类比可能弱化数学或法律上的严格条件""]}, ""final_answer_for_beginner"": ""热力学第二定律可以理解为：孤立系统熵不减少。同时，热量自发地由高温流向低温。在实践中，过程具有方向性。 你可以先记住“核心机制+限制条件+典型场景”这三件事。""}",0.0,351,229,580,孤立系统熵不减少,热量自发地由高温流向低温,过程具有方向性
phy_05,Physics,电磁感应,A_zero_shot,mock,电磁感应可以理解为：磁通量变化会产生感应电动势。同时，法拉第定律描述感应强度。在实践中，发电机工作依赖该原理。 可以把它想成一个需要在规则和结果之间保持平衡的小系统。,0.0,63,46,109,磁通量变化会产生感应电动势,法拉第定律描述感应强度,发电机工作依赖该原理
phy_05,Physics,电磁感应,B_standard_cot,mock,"定义：电磁感应涉及磁通量变化会产生感应电动势。
关键点：法拉第定律描述感应强度，并且发电机工作依赖该原理。
例子：像学习骑车，先掌握平衡，再通过练习减少错误。",0.0,83,43,126,磁通量变化会产生感应电动势,法拉第定律描述感应强度,发电机工作依赖该原理
phy_05,Physics,电磁感应,C_feynman_cot,mock,"{""expert_draft"": ""电磁感应的核心是：磁通量变化会产生感应电动势；其次，法拉第定律描述感应强度；并且发电机工作依赖该原理。"", ""knowledge_gaps_or_risks"": [""容易只记结论而忽略适用条件"", ""可能把类比当成严格等价关系"", ""忽略边界情况导致误解""], ""analogy_explanation"": ""可类比为管理一支团队：目标、约束和反馈共同决定最终表现。"", ""consistency_check"": {""passed_points"": [""保留了核心定义"", ""保留了关键机制""], ""risk_points"": [""类比可能弱化数学或法律上的严格条件""]}, ""final_answer_for_beginner"": ""电磁感应可以理解为：磁通量变化会产生感应电动势。同时，法拉第定律描述感应强度。在实践中，发电机工作依赖该原理。 你可以先记住“核心机制+限制条件+典型场景”这三件事。""}",0.0,349,233,582,磁通量变化会产生感应电动势,法拉第定律描述感应强度,发电机工作依赖该原理
phy_06,Physics,波粒二象性,A_zero_shot,mock,波粒二象性可以理解为：微观对象兼具波动与粒子特性。同时，实验设置影响观测结果。在实践中，是量子理论基本特征之一。 可以把它想成一个需要在规则和结果之间保持平衡的小系统。,0.0,63,46,109,微观对象兼具波动与粒子特性,实验设置影响观测结果,是量子理论基本特征之一
phy_06,Physics,波粒二象性,B_standard_cot,mock,"定义：波粒二象性涉及微观对象兼具波动与粒子特性。
关键点：实验设置影响观测结果，并且是量子理论基本特征之一。
例子：像学习骑车，先掌握平衡，再通过练习减少错误。",0.0,83,44,127,微观对象兼具波动与粒子特性,实验设置影响观测结果,是量子理论基本特征之一
phy_06,Physics,波粒二象性,C_feynman_cot,mock,"{""expert_draft"": ""波粒二象性的核心是：微观对象兼具波动与粒子特性；其次，实验设置影响观测结果；并且是量子理论基本特征之一。"", ""knowledge_gaps_or_risks"": [""容易只记结论而忽略适用条件"", ""可能把类比当成严格等价关系"", ""忽略边界情况导致误解""], ""analogy_explanation"": ""可类比为管理一支团队：目标、约束和反馈共同决定最终表现。"", ""consistency_check"": {""passed_points"": [""保留了核心定义"", ""保留了关键机制""], ""risk_points"": [""类比可能弱化数学或法律上的严格条件""]}, ""final_answer_for_beginner"": ""波粒二象性可以理解为：微观对象兼具波动与粒子特性。同时，实验设置影响观测结果。在实践中，是量子理论基本特征之一。 你可以先记住“核心机制+限制条件+典型场景”这三件事。""}",0.0,350,235,585,微观对象兼具波动与粒子特性,实验设置影响观测结果,是量子理论基本特征之一
phy_07,Physics,相对论时间膨胀,A_zero_shot,mock,相对论时间膨胀可以理解为：高速运动时钟相对变慢。同时，靠近强引力场时钟也会变慢。在实践中，GPS系统需进行相对论校正。 可以把它想成一个需要在规则和结果之间保持平衡的小系统。,0.0,65,48,113,高速运动时钟相对变慢,靠近强引力场时钟也会变慢,GPS系统需进行相对论校正
phy_07,Physics,相对论时间膨胀,B_standard_cot,mock,"定义：相对论时间膨胀涉及高速运动时钟相对变慢。
关键点：靠近强引力场时钟也会变慢，并且GPS系统需进行相对论校正。
例子：像学习骑车，先掌握平衡，再通过练习减少错误。",0.0,85,46,131,高速运动时钟相对变慢,靠近强引力场时钟也会变慢,GPS系统需进行相对论校正
phy_07,Physics,相对论时间膨胀,C_feynman_cot,mock,"{""expert_draft"": ""相对论时间膨胀的核心是：高速运动时钟相对变慢；其次，靠近强引力场时钟也会变慢；并且GPS系统需进行相对论校正。"", ""knowledge_gaps_or_risks"": [""容易只记结论而忽略适用条件"", ""可能把类比当成严格等价关系"", ""忽略边界情况导致误解""], ""analogy_explanation"": ""可类比为管理一支团队：目标、约束和反馈共同决定最终表现。"", ""consistency_check"": {""passed_points"": [""保留了核心定义"", ""保留了关键机制""], ""risk_points"": [""类比可能弱化数学或法律上的严格条件""]}, ""final_answer_for_beginner"": ""相对论时间膨胀可以理解为：高速运动时钟相对变慢。同时，靠近强引力场时钟也会变慢。在实践中，GPS系统需进行相对论校正。 你可以先记住“核心机制+限制条件+典型场景”这三件事。""}",0.0,351,238,589,高速运动时钟相对变慢,靠近强引力场时钟也会变慢,GPS系统需进行相对论校正
phy_08,Physics,简谐振动,A_zero_shot,mock,简谐振动可以理解为：回复力与位移成正比且方向相反。同时，位移随时间呈正弦变化。在实践中，常见于弹簧振子和小角度摆。 可以把它想成一个需要在规则和结果之间保持平衡的小系统。,0.0,63,47,110,回复力与位移成正比且方向相反,位移随时间呈正弦变化,常见于弹簧振子和小角度摆
phy_08,Physics,简谐振动,B_standard_cot,mock,"定义：简谐振动涉及回复力与位移成正比且方向相反。
关键点：位移随时间呈正弦变化，并且常见于弹簧振子和小角度摆。
例子：像学习骑车，先掌握平衡，再通过练习减少错误。",0.0,83,45,128,回复力与位移成正比且方向相反,位移随时间呈正弦变化,常见于弹簧振子和小角度摆
phy_08,Physics,简谐振动,C_feynman_cot,mock,"{""expert_draft"": ""简谐振动的核心是：回复力与位移成正比且方向相反；其次，位移随时间呈正弦变化；并且常见于弹簧振子和小角度摆。"", ""knowledge_gaps_or_risks"": [""容易只记结论而忽略适用条件"", ""可能把类比当成严格等价关系"", ""忽略边界情况导致误解""], ""analogy_explanation"": ""可类比为管理一支团队：目标、约束和反馈共同决定最终表现。"", ""consistency_check"": {""passed_points"": [""保留了核心定义"", ""保留了关键机制""], ""risk_points"": [""类比可能弱化数学或法律上的严格条件""]}, ""final_answer_for_beginner"": ""简谐振动可以理解为：回复力与位移成正比且方向相反。同时，位移随时间呈正弦变化。在实践中，常见于弹簧振子和小角度摆。 你可以先记住“核心机制+限制条件+典型场景”这三件事。""}",0.0,349,236,585,回复力与位移成正比且方向相反,位移随时间呈正弦变化,常见于弹簧振子和小角度摆
med_01,Medicine,炎症反应,A_zero_shot,mock,炎症反应可以理解为：是机体对损伤或感染的防御反应。同时，典型表现包括红肿热痛。在实践中，过度炎症可能导致组织损伤。 可以把它想成一个需要在规则和结果之间保持平衡的小系统。,0.0,63,47,110,是机体对损伤或感染的防御反应,典型表现包括红肿热痛,过度炎症可能导致组织损伤
med_01,Medicine,炎症反应,B_standard_cot,mock,"定义：炎症反应涉及是机体对损伤或感染的防御反应。
关键点：典型表现包括红肿热痛，并且过度炎症可能导致组织损伤。
例子：像学习骑车，先掌握平衡，再通过练习减少错误。",0.0,83,45,128,是机体对损伤或感染的防御反应,典型表现包括红肿热痛,过度炎症可能导致组织损伤
med_01,Medicine,炎症反应,C_feynman_cot,mock,"{""expert_draft"": ""炎症反应的核心是：是机体对损伤或感染的防御反应；其次，典型表现包括红肿热痛；并且过度炎症可能导致组织损伤。"", ""knowledge_gaps_or_risks"": [""容易只记结论而忽略适用条件"", ""可能把类比当成严格等价关系"", ""忽略边界情况导致误解""], ""analogy_explanation"": ""可类比为管理一支团队：目标、约束和反馈共同决定最终表现。"", ""consistency_check"": {""passed_points"": [""保留了核心定义"", ""保留了关键机制""], ""risk_points"": [""类比可能弱化数学或法律上的严格条件""]}, ""final_answer_for_beginner"": ""炎症反应可以理解为：是机体对损伤或感染的防御反应。同时，典型表现包括红肿热痛。在实践中，过度炎症可能导致组织损伤。 你可以先记住“核心机制+限制条件+典型场景”这三件事。""}",0.0,349,236,585,是机体对损伤或感染的防御反应,典型表现包括红肿热痛,过度炎症可能导致组织损伤
med_02,Medicine,抗生素耐药,A_zero_shot,mock,抗生素耐药可以理解为：细菌对抗生素敏感性下降。同时，滥用抗生素会加速耐药形成。在实践中，病毒感染通常不应使用抗生素。 可以把它想成一个需要在规则和结果之间保持平衡的小系统。,0.0,63,47,110,细菌对抗生素敏感性下降,滥用抗生素会加速耐药形成,病毒感染通常不应使用抗生素
med_02,Medicine,抗生素耐药,B_standard_cot,mock,"定义：抗生素耐药涉及细菌对抗生素敏感性下降。
关键点：滥用抗生素会加速耐药形成，并且病毒感染通常不应使用抗生素。
例子：像学习骑车，先掌握平衡，再通过练习减少错误。",0.0,83,45,128,细菌对抗生素敏感性下降,滥用抗生素会加速耐药形成,病毒感染通常不应使用抗生素
med_02,Medicine,抗生素耐药,C_feynman_cot,mock,"{""expert_draft"": ""抗生素耐药的核心是：细菌对抗生素敏感性下降；其次，滥用抗生素会加速耐药形成；并且病毒感染通常不应使用抗生素。"", ""knowledge_gaps_or_risks"": [""容易只记结论而忽略适用条件"", ""可能把类比当成严格等价关系"", ""忽略边界情况导致误解""], ""analogy_explanation"": ""可类比为管理一支团队：目标、约束和反馈共同决定最终表现。"", ""consistency_check"": {""passed_points"": [""保留了核心定义"", ""保留了关键机制""], ""risk_points"": [""类比可能弱化数学或法律上的严格条件""]}, ""final_answer_for_beginner"": ""抗生素耐药可以理解为：细菌对抗生素敏感性下降。同时，滥用抗生素会加速耐药形成。在实践中，病毒感染通常不应使用抗生素。 你可以先记住“核心机制+限制条件+典型场景”这三件事。""}",0.0,350,237,587,细菌对抗生素敏感性下降,滥用抗生素会加速耐药形成,病毒感染通常不应使用抗生素
med_03,Medicine,疫苗免疫,A_zero_shot,mock,疫苗免疫可以理解为：通过抗原刺激建立免疫记忆。同时，可降低感染或重症风险。在实践中，群体免疫依赖较高接种覆盖率。 可以把它想成一个需要在规则和结果之间保持平衡的小系统。,0.0,63,46,109,通过抗原刺激建立免疫记忆,可降低感染或重症风险,群体免疫依赖较高接种覆盖率
med_03,Medicine,疫苗免疫,B_standard_cot,mock,"定义：疫苗免疫涉及通过抗原刺激建立免疫记忆。
关键点：可降低感染或重症风险，并且群体免疫依赖较高接种覆盖率。
例子：像学习骑车，先掌握平衡，再通过练习减少错误。",0.0,83,44,127,通过抗原刺激建立免疫记忆,可降低感染或重症风险,群体免疫依赖较高接种覆盖率
med_03,Medicine,疫苗免疫,C_feynman_cot,mock,"{""expert_draft"": ""疫苗免疫的核心是：通过抗原刺激建立免疫记忆；其次，可降低感染或重症风险；并且群体免疫依赖较高接种覆盖率。"", ""knowledge_gaps_or_risks"": [""容易只记结论而忽略适用条件"", ""可能把类比当成严格等价关系"", ""忽略边界情况导致误解""], ""analogy_explanation"": ""可类比为管理一支团队：目标、约束和反馈共同决定最终表现。"", ""consistency_check"": {""passed_points"": [""保留了核心定义"", ""保留了关键机制""], ""risk_points"": [""类比可能弱化数学或法律上的严格条件""]}, ""final_answer_for_beginner"": ""疫苗免疫可以理解为：通过抗原刺激建立免疫记忆。同时，可降低感染或重症风险。在实践中，群体免疫依赖较高接种覆盖率。 你可以先记住“核心机制+限制条件+典型场景”这三件事。""}",0.0,349,235,584,通过抗原刺激建立免疫记忆,可降低感染或重症风险,群体免疫依赖较高接种覆盖率
med_04,Medicine,胰岛素与血糖调节,A_zero_shot,mock,胰岛素与血糖调节可以理解为：胰岛素促进葡萄糖进入细胞。同时，有助于降低血糖。在实践中，胰岛素不足或抵抗与糖尿病相关。 可以把它想成一个需要在规则和结果之间保持平衡的小系统。,0.0,65,47,112,胰岛素促进葡萄糖进入细胞,有助于降低血糖,胰岛素不足或抵抗与糖尿病相关
med_04,Medicine,胰岛素与血糖调节,B_standard_cot,mock,"定义：胰岛素与血糖调节涉及胰岛素促进葡萄糖进入细胞。
关键点：有助于降低血糖，并且胰岛素不足或抵抗与糖尿病相关。
例子：像学习骑车，先掌握平衡，再通过练习减少错误。",0.0,85,45,130,胰岛素促进葡萄糖进入细胞,有助于降低血糖,胰岛素不足或抵抗与糖尿病相关
med_04,Medicine,胰岛素与血糖调节,C_feynman_cot,mock,"{""expert_draft"": ""胰岛素与血糖调节的核心是：胰岛素促进葡萄糖进入细胞；其次，有助于降低血糖；并且胰岛素不足或抵抗与糖尿病相关。"", ""knowledge_gaps_or_risks"": [""容易只记结论而忽略适用条件"", ""可能把类比当成严格等价关系"", ""忽略边界情况导致误解""], ""analogy_explanation"": ""可类比为管理一支团队：目标、约束和反馈共同决定最终表现。"", ""consistency_check"": {""passed_points"": [""保留了核心定义"", ""保留了关键机制""], ""risk_points"": [""类比可能弱化数学或法律上的严格条件""]}, ""final_answer_for_beginner"": ""胰岛素与血糖调节可以理解为：胰岛素促进葡萄糖进入细胞。同时，有助于降低血糖。在实践中，胰岛素不足或抵抗与糖尿病相关。 你可以先记住“核心机制+限制条件+典型场景”这三件事。""}",0.0,351,237,588,胰岛素促进葡萄糖进入细胞,有助于降低血糖,胰岛素不足或抵抗与糖尿病相关
med_05,Medicine,高血压,A_zero_shot,mock,高血压可以理解为：长期血压升高会增加心脑血管风险。同时，常见危险因素含高盐饮食和肥胖。在实践中，生活方式干预和药物都可治疗。 可以把它想成一个需要在规则和结果之间保持平衡的小系统。,0.0,62,50,112,长期血压升高会增加心脑血管风险,常见危险因素含高盐饮食和肥胖,生活方式干预和药物都可治疗
med_05,Medicine,高血压,B_standard_cot,mock,"定义：高血压涉及长期血压升高会增加心脑血管风险。
关键点：常见危险因素含高盐饮食和肥胖，并且生活方式干预和药物都可治疗。
例子：像学习骑车，先掌握平衡，再通过练习减少错误。",0.0,82,47,129,长期血压升高会增加心脑血管风险,常见危险因素含高盐饮食和肥胖,生活方式干预和药物都可治疗
med_05,Medicine,高血压,C_feynman_cot,mock,"{""expert_draft"": ""高血压的核心是：长期血压升高会增加心脑血管风险；其次，常见危险因素含高盐饮食和肥胖；并且生活方式干预和药物都可治疗。"", ""knowledge_gaps_or_risks"": [""容易只记结论而忽略适用条件"", ""可能把类比当成严格等价关系"", ""忽略边界情况导致误解""], ""analogy_explanation"": ""可类比为管理一支团队：目标、约束和反馈共同决定最终表现。"", ""consistency_check"": {""passed_points"": [""保留了核心定义"", ""保留了关键机制""], ""risk_points"": [""类比可能弱化数学或法律上的严格条件""]}, ""final_answer_for_beginner"": ""高血压可以理解为：长期血压升高会增加心脑血管风险。同时，常见危险因素含高盐饮食和肥胖。在实践中，生活方式干预和药物都可治疗。 你可以先记住“核心机制+限制条件+典型场景”这三件事。""}",0.0,348,241,589,长期血压升高会增加心脑血管风险,常见危险因素含高盐饮食和肥胖,生活方式干预和药物都可治疗
med_06,Medicine,肿瘤转移,A_zero_shot,mock,肿瘤转移可以理解为：癌细胞从原发灶扩散到远处器官。同时，可经血液或淋巴途径传播。在实践中，转移常提示疾病分期更晚。 可以把它想成一个需要在规则和结果之间保持平衡的小系统。,0.0,63,47,110,癌细胞从原发灶扩散到远处器官,可经血液或淋巴途径传播,转移常提示疾病分期更晚
med_06,Medicine,肿瘤转移,B_standard_cot,mock,"定义：肿瘤转移涉及癌细胞从原发灶扩散到远处器官。
关键点：可经血液或淋巴途径传播，并且转移常提示疾病分期更晚。
例子：像学习骑车，先掌握平衡，再通过练习减少错误。",0.0,83,45,128,癌细胞从原发灶扩散到远处器官,可经血液或淋巴途径传播,转移常提示疾病分期更晚
med_06,Medicine,肿瘤转移,C_feynman_cot,mock,"{""expert_draft"": ""肿瘤转移的核心是：癌细胞从原发灶扩散到远处器官；其次，可经血液或淋巴途径传播；并且转移常提示疾病分期更晚。"", ""knowledge_gaps_or_risks"": [""容易只记结论而忽略适用条件"", ""可能把类比当成严格等价关系"", ""忽略边界情况导致误解""], ""analogy_explanation"": ""可类比为管理一支团队：目标、约束和反馈共同决定最终表现。"", ""consistency_check"": {""passed_points"": [""保留了核心定义"", ""保留了关键机制""], ""risk_points"": [""类比可能弱化数学或法律上的严格条件""]}, ""final_answer_for_beginner"": ""肿瘤转移可以理解为：癌细胞从原发灶扩散到远处器官。同时，可经血液或淋巴途径传播。在实践中，转移常提示疾病分期更晚。 你可以先记住“核心机制+限制条件+典型场景”这三件事。""}",0.0,349,236,585,癌细胞从原发灶扩散到远处器官,可经血液或淋巴途径传播,转移常提示疾病分期更晚
med_07,Medicine,安慰剂效应,A_zero_shot,mock,安慰剂效应可以理解为：患者因预期而出现症状改善。同时，并非药物活性成分直接作用。在实践中，随机双盲试验用于控制该效应。 可以把它想成一个需要在规则和结果之间保持平衡的小系统。,0.0,63,48,111,患者因预期而出现症状改善,并非药物活性成分直接作用,随机双盲试验用于控制该效应
med_07,Medicine,安慰剂效应,B_standard_cot,mock,"定义：安慰剂效应涉及患者因预期而出现症状改善。
关键点：并非药物活性成分直接作用，并且随机双盲试验用于控制该效应。
例子：像学习骑车，先掌握平衡，再通过练习减少错误。",0.0,83,46,129,患者因预期而出现症状改善,并非药物活性成分直接作用,随机双盲试验用于控制该效应
med_07,Medicine,安慰剂效应,C_feynman_cot,mock,"{""expert_draft"": ""安慰剂效应的核心是：患者因预期而出现症状改善；其次，并非药物活性成分直接作用；并且随机双盲试验用于控制该效应。"", ""knowledge_gaps_or_risks"": [""容易只记结论而忽略适用条件"", ""可能把类比当成严格等价关系"", ""忽略边界情况导致误解""], ""analogy_explanation"": ""可类比为管理一支团队：目标、约束和反馈共同决定最终表现。"", ""consistency_check"": {""passed_points"": [""保留了核心定义"", ""保留了关键机制""], ""risk_points"": [""类比可能弱化数学或法律上的严格条件""]}, ""final_answer_for_beginner"": ""安慰剂效应可以理解为：患者因预期而出现症状改善。同时，并非药物活性成分直接作用。在实践中，随机双盲试验用于控制该效应。 你可以先记住“核心机制+限制条件+典型场景”这三件事。""}",0.0,350,238,588,患者因预期而出现症状改善,并非药物活性成分直接作用,随机双盲试验用于控制该效应
law_01,Law,无罪推定,A_zero_shot,mock,无罪推定可以理解为：在定罪前应视被告人为无罪。同时，举证责任主要由控方承担。在实践中，疑罪从无体现该原则。 可以把它想成一个需要在规则和结果之间保持平衡的小系统。,0.0,63,45,108,在定罪前应视被告人为无罪,举证责任主要由控方承担,疑罪从无体现该原则
law_01,Law,无罪推定,B_standard_cot,mock,"定义：无罪推定涉及在定罪前应视被告人为无罪。
关键点：举证责任主要由控方承担，并且疑罪从无体现该原则。
例子：像学习骑车，先掌握平衡，再通过练习减少错误。",0.0,83,42,125,在定罪前应视被告人为无罪,举证责任主要由控方承担,疑罪从无体现该原则
law_01,Law,无罪推定,C_feynman_cot,mock,"{""expert_draft"": ""无罪推定的核心是：在定罪前应视被告人为无罪；其次，举证责任主要由控方承担；并且疑罪从无体现该原则。"", ""knowledge_gaps_or_risks"": [""容易只记结论而忽略适用条件"", ""可能把类比当成严格等价关系"", ""忽略边界情况导致误解""], ""analogy_explanation"": ""可类比为管理一支团队：目标、约束和反馈共同决定最终表现。"", ""consistency_check"": {""passed_points"": [""保留了核心定义"", ""保留了关键机制""], ""risk_points"": [""类比可能弱化数学或法律上的严格条件""]}, ""final_answer_for_beginner"": ""无罪推定可以理解为：在定罪前应视被告人为无罪。同时，举证责任主要由控方承担。在实践中，疑罪从无体现该原则。 你可以先记住“核心机制+限制条件+典型场景”这三件事。""}",0.0,349,231,580,在定罪前应视被告人为无罪,举证责任主要由控方承担,疑罪从无体现该原则
law_02,Law,合同成立要件,A_zero_shot,mock,合同成立要件可以理解为：通常包括要约与承诺。同时，当事人应具备相应行为能力。在实践中，内容不得违反法律强制性规定。 可以把它想成一个需要在规则和结果之间保持平衡的小系统。,0.0,64,47,111,通常包括要约与承诺,当事人应具备相应行为能力,内容不得违反法律强制性规定
law_02,Law,合同成立要件,B_standard_cot,mock,"定义：合同成立要件涉及通常包括要约与承诺。
关键点：当事人应具备相应行为能力，并且内容不得违反法律强制性规定。
例子：像学习骑车，先掌握平衡，再通过练习减少错误。",0.0,84,45,129,通常包括要约与承诺,当事人应具备相应行为能力,内容不得违反法律强制性规定
law_02,Law,合同成立要件,C_feynman_cot,mock,"{""expert_draft"": ""合同成立要件的核心是：通常包括要约与承诺；其次，当事人应具备相应行为能力；并且内容不得违反法律强制性规定。"", ""knowledge_gaps_or_risks"": [""容易只记结论而忽略适用条件"", ""可能把类比当成严格等价关系"", ""忽略边界情况导致误解""], ""analogy_explanation"": ""可类比为管理一支团队：目标、约束和反馈共同决定最终表现。"", ""consistency_check"": {""passed_points"": [""保留了核心定义"", ""保留了关键机制""], ""risk_points"": [""类比可能弱化数学或法律上的严格条件""]}, ""final_answer_for_beginner"": ""合同成立要件可以理解为：通常包括要约与承诺。同时，当事人应具备相应行为能力。在实践中，内容不得违反法律强制性规定。 你可以先记住“核心机制+限制条件+典型场景”这三件事。""}",0.0,350,236,586,通常包括要约与承诺,当事人应具备相应行为能力,内容不得违反法律强制性规定
law_03,Law,侵权责任,A_zero_shot,mock,侵权责任可以理解为：一般需有违法行为与损害结果。同时，行为与损害之间需存在因果关系。在实践中，侵权人通常需承担赔偿责任。 可以把它想成一个需要在规则和结果之间保持平衡的小系统。,0.0,63,48,111,一般需有违法行为与损害结果,行为与损害之间需存在因果关系,侵权人通常需承担赔偿责任
law_03,Law,侵权责任,B_standard_cot,mock,"定义：侵权责任涉及一般需有违法行为与损害结果。
关键点：行为与损害之间需存在因果关系，并且侵权人通常需承担赔偿责任。
例子：像学习骑车，先掌握平衡，再通过练习减少错误。",0.0,83,46,129,一般需有违法行为与损害结果,行为与损害之间需存在因果关系,侵权人通常需承担赔偿责任
law_03,Law,侵权责任,C_feynman_cot,mock,"{""expert_draft"": ""侵权责任的核心是：一般需有违法行为与损害结果；其次，行为与损害之间需存在因果关系；并且侵权人通常需承担赔偿责任。"", ""knowledge_gaps_or_risks"": [""容易只记结论而忽略适用条件"", ""可能把类比当成严格等价关系"", ""忽略边界情况导致误解""], ""analogy_explanation"": ""可类比为管理一支团队：目标、约束和反馈共同决定最终表现。"", ""consistency_check"": {""passed_points"": [""保留了核心定义"", ""保留了关键机制""], ""risk_points"": [""类比可能弱化数学或法律上的严格条件""]}, ""final_answer_for_beginner"": ""侵权责任可以理解为：一般需有违法行为与损害结果。同时，行为与损害之间需存在因果关系。在实践中，侵权人通常需承担赔偿责任。 你可以先记住“核心机制+限制条件+典型场景”这三件事。""}",0.0,349,239,588,一般需有违法行为与损害结果,行为与损害之间需存在因果关系,侵权人通常需承担赔偿责任
law_04,Law,正当防卫,A_zero_shot,mock,正当防卫可以理解为：针对正在进行的不法侵害。同时，防卫行为需为制止侵害所必需。在实践中，明显超过必要限度可能构成防卫过当。 可以把它想成一个需要在规则和结果之间保持平衡的小系统。,0.0,63,49,112,针对正在进行的不法侵害,防卫行为需为制止侵害所必需,明显超过必要限度可能构成防卫过当
law_04,Law,正当防卫,B_standard_cot,mock,"定义：正当防卫涉及针对正在进行的不法侵害。
关键点：防卫行为需为制止侵害所必需，并且明显超过必要限度可能构成防卫过当。
例子：像学习骑车，先掌握平衡，再通过练习减少错误。",0.0,83,47,130,针对正在进行的不法侵害,防卫行为需为制止侵害所必需,明显超过必要限度可能构成防卫过当
law_04,Law,正当防卫,C_feynman_cot,mock,"{""expert_draft"": ""正当防卫的核心是：针对正在进行的不法侵害；其次，防卫行为需为制止侵害所必需；并且明显超过必要限度可能构成防卫过当。"", ""knowledge_gaps_or_risks"": [""容易只记结论而忽略适用条件"", ""可能把类比当成严格等价关系"", ""忽略边界情况导致误解""], ""analogy_explanation"": ""可类比为管理一支团队：目标、约束和反馈共同决定最终表现。"", ""consistency_check"": {""passed_points"": [""保留了核心定义"", ""保留了关键机制""], ""risk_points"": [""类比可能弱化数学或法律上的严格条件""]}, ""final_answer_for_beginner"": ""正当防卫可以理解为：针对正在进行的不法侵害。同时，防卫行为需为制止侵害所必需。在实践中，明显超过必要限度可能构成防卫过当。 你可以先记住“核心机制+限制条件+典型场景”这三件事。""}",0.0,349,240,589,针对正在进行的不法侵害,防卫行为需为制止侵害所必需,明显超过必要限度可能构成防卫过当
law_05,Law,知识产权,A_zero_shot,mock,知识产权可以理解为：包括著作权专利权商标权等。同时，保护创新成果与商业标识。在实践中，具有地域性和期限性特征。 可以把它想成一个需要在规则和结果之间保持平衡的小系统。,0.0,63,46,109,包括著作权专利权商标权等,保护创新成果与商业标识,具有地域性和期限性特征
law_05,Law,知识产权,B_standard_cot,mock,"定义：知识产权涉及包括著作权专利权商标权等。
关键点：保护创新成果与商业标识，并且具有地域性和期限性特征。
例子：像学习骑车，先掌握平衡，再通过练习减少错误。",0.0,83,43,126,包括著作权专利权商标权等,保护创新成果与商业标识,具有地域性和期限性特征
law_05,Law,知识产权,C_feynman_cot,mock,"{""expert_draft"": ""知识产权的核心是：包括著作权专利权商标权等；其次，保护创新成果与商业标识；并且具有地域性和期限性特征。"", ""knowledge_gaps_or_risks"": [""容易只记结论而忽略适用条件"", ""可能把类比当成严格等价关系"", ""忽略边界情况导致误解""], ""analogy_explanation"": ""可类比为管理一支团队：目标、约束和反馈共同决定最终表现。"", ""consistency_check"": {""passed_points"": [""保留了核心定义"", ""保留了关键机制""], ""risk_points"": [""类比可能弱化数学或法律上的严格条件""]}, ""final_answer_for_beginner"": ""知识产权可以理解为：包括著作权专利权商标权等。同时，保护创新成果与商业标识。在实践中，具有地域性和期限性特征。 你可以先记住“核心机制+限制条件+典型场景”这三件事。""}",0.0,349,233,582,包括著作权专利权商标权等,保护创新成果与商业标识,具有地域性和期限性特征
law_06,Law,证据规则,A_zero_shot,mock,证据规则可以理解为：证据需具有关联性与合法性。同时，非法证据可能被排除。在实践中，证明标准因案件类型而不同。 可以把它想成一个需要在规则和结果之间保持平衡的小系统。,0.0,63,45,108,证据需具有关联性与合法性,非法证据可能被排除,证明标准因案件类型而不同
law_06,Law,证据规则,B_standard_cot,mock,"定义：证据规则涉及证据需具有关联性与合法性。
关键点：非法证据可能被排除，并且证明标准因案件类型而不同。
例子：像学习骑车，先掌握平衡，再通过练习减少错误。",0.0,83,43,126,证据需具有关联性与合法性,非法证据可能被排除,证明标准因案件类型而不同
law_06,Law,证据规则,C_feynman_cot,mock,"{""expert_draft"": ""证据规则的核心是：证据需具有关联性与合法性；其次，非法证据可能被排除；并且证明标准因案件类型而不同。"", ""knowledge_gaps_or_risks"": [""容易只记结论而忽略适用条件"", ""可能把类比当成严格等价关系"", ""忽略边界情况导致误解""], ""analogy_explanation"": ""可类比为管理一支团队：目标、约束和反馈共同决定最终表现。"", ""consistency_check"": {""passed_points"": [""保留了核心定义"", ""保留了关键机制""], ""risk_points"": [""类比可能弱化数学或法律上的严格条件""]}, ""final_answer_for_beginner"": ""证据规则可以理解为：证据需具有关联性与合法性。同时，非法证据可能被排除。在实践中，证明标准因案件类型而不同。 你可以先记住“核心机制+限制条件+典型场景”这三件事。""}",0.0,349,232,581,证据需具有关联性与合法性,非法证据可能被排除,证明标准因案件类型而不同
law_07,Law,程序正义,A_zero_shot,mock,程序正义可以理解为：强调过程公平公开与可申辩。同时，有助于提升裁判可接受性。在实践中，程序瑕疵可能影响实体结果正当性。 可以把它想成一个需要在规则和结果之间保持平衡的小系统。,0.0,63,48,111,强调过程公平公开与可申辩,有助于提升裁判可接受性,程序瑕疵可能影响实体结果正当性
law_07,Law,程序正义,B_standard_cot,mock,"定义：程序正义涉及强调过程公平公开与可申辩。
关键点：有助于提升裁判可接受性，并且程序瑕疵可能影响实体结果正当性。
例子：像学习骑车，先掌握平衡，再通过练习减少错误。",0.0,83,46,129,强调过程公平公开与可申辩,有助于提升裁判可接受性,程序瑕疵可能影响实体结果正当性
law_07,Law,程序正义,C_feynman_cot,mock,"{""expert_draft"": ""程序正义的核心是：强调过程公平公开与可申辩；其次，有助于提升裁判可接受性；并且程序瑕疵可能影响实体结果正当性。"", ""knowledge_gaps_or_risks"": [""容易只记结论而忽略适用条件"", ""可能把类比当成严格等价关系"", ""忽略边界情况导致误解""], ""analogy_explanation"": ""可类比为管理一支团队：目标、约束和反馈共同决定最终表现。"", ""consistency_check"": {""passed_points"": [""保留了核心定义"", ""保留了关键机制""], ""risk_points"": [""类比可能弱化数学或法律上的严格条件""]}, ""final_answer_for_beginner"": ""程序正义可以理解为：强调过程公平公开与可申辩。同时，有助于提升裁判可接受性。在实践中，程序瑕疵可能影响实体结果正当性。 你可以先记住“核心机制+限制条件+典型场景”这三件事。""}",0.0,349,238,587,强调过程公平公开与可申辩,有助于提升裁判可接受性,程序瑕疵可能影响实体结果正当性
